unixTime	strTime	tweetID	tweetText	lang	sentiment	isRT	sourceRT
1431149881.482134	Sat May  9 08:38:01 2015	596911987843571712	"RT @9NewsSyd: Ebola turns patient's blue eye green months after he was 'cured'. http:\/\/t.co\/mqRYC83UPb #9News http:\/\/t.co\/Tb2RG7GvfF"	en	-0.1	True	@9NewsSyd
1431149883.596687	Sat May  9 08:38:03 2015	596911998111092736	"Its the plague I know it. While we were all worried about ebola we should've been worried about Shelby'ola \ud83d\ude2d\ud83d\ude2d\ud83d\ude2d"	en	0.0	False	 
1431149890.481555	Sat May  9 08:38:10 2015	596912007837786112	"Liberia beats Ebola and learns from the crisis - Minneapolis Star Tribune http:\/\/t.co\/mRJhxNVzmF #google #health"	en	0.0	False	 
1431149890.865843	Sat May  9 08:38:10 2015	596912008072720384	"Liberia beats Ebola and learns from the crisis - Minneapolis Star Tribune http:\/\/t.co\/c1pb0qhOiP #google #health"	en	0.0	False	 
1431149903.1095	Sat May  9 08:38:23 2015	596912079833059328	"After 42days of no #Ebola cases recorded WHO declares #Liberia Ebola-free,MSF warns w cases still in #Guinea, #SierraLeone outbreak not over"	en	0.0	False	 
1431149906.217816	Sat May  9 08:38:26 2015	596912092445192192	"UN to begin polio and measles vaccinations as Ebola transmissions plummet in Liberia http:\/\/t.co\/pqssL1BREP"	en	0.0	False	 
1431149915.84892	Sat May  9 08:38:35 2015	596912131993260032	"RT @CBCNews: Liberia declared Ebola-free after 42 days without new case http:\/\/t.co\/LV6QAzKt5h http:\/\/t.co\/SarllVvYCr"	en	0.13636363636363635	True	@CBCNews
1431149924.071957	Sat May  9 08:38:44 2015	596912167749812224	"The Next Victims of Ebola http:\/\/t.co\/V5btvQIqLl"	en	0.0	False	 
1431149941.928203	Sat May  9 08:39:01 2015	596912241477169152	"I wish black people could catch Ebola"	en	-0.16666666666666666	False	 
1431149949.706825	Sat May  9 08:39:09 2015	596912274687791104	"RT @EconSciTech: Wonderful news from West Africa: Overall, the fight against the Ebola virus is being won http:\/\/t.co\/AYym9ITCcq http:\/\/t.c\u2026"	en	0.5	True	@EconSciTech
1431149957.74804	Sat May  9 08:39:17 2015	596912308070141952	"RT @smritikak: #Ebola gets more frightening \nCured of Ebola, doctor had virus in his eye http:\/\/t.co\/WiFYM66vfO http:\/\/t.co\/CNw58ycvpT"	en	0.0	True	@smritikak
1431149975.632156	Sat May  9 08:39:35 2015	596912379796946944	"RT @mor_maew: \u0e1c\u0e39\u0e49\u0e17\u0e35\u0e48\u0e15\u0e34\u0e14\u0e40\u0e0a\u0e37\u0e49\u0e2d\u0e2d\u0e35\u0e42\u0e1a\u0e25\u0e48\u0e32 \u0e40\u0e21\u0e37\u0e48\u0e2d\u0e23\u0e2d\u0e14\u0e15\u0e32\u0e22\u0e41\u0e25\u0e49\u0e27\u0e2a\u0e48\u0e27\u0e19\u0e19\u0e36\u0e07\u0e08\u0e30\u0e40\u0e01\u0e34\u0e14post ebola syndrome \u0e0b\u0e36\u0e48\u0e07\u0e40\u0e01\u0e34\u0e14\u0e15\u0e32\u0e1a\u0e2d\u0e14 \u0e2b\u0e39\u0e2b\u0e19\u0e27\u0e01 \u0e2d\u0e32\u0e01\u0e32\u0e23\u0e1b\u0e27\u0e14\u0e02\u0e49\u0e2d\u0e23\u0e38\u0e19\u0e41\u0e23\u0e07 \u0e21\u0e48\u0e32\u0e19\u0e15\u0e32\u0e2d\u0e31\u0e01\u0e40\u0e2a\u0e1a \u0e2f\u0e25\u0e2f\u2026"	en	0.0	True	@mor_maew
1431149985.433241	Sat May  9 08:39:45 2015	596912425040904192	"Ebola patient\u2019s strange symptom: His eye color\u00a0changes http:\/\/t.co\/aEbTd6EuxW"	en	-0.05	False	 
1431149985.580378	Sat May  9 08:39:45 2015	596912425393332224	"RT @RFI: Le Liberia s'appr\u00eate \u00e0 sortir du cauchemar Ebola http:\/\/t.co\/k8KP9RyMuT http:\/\/t.co\/1R6FIQOVPi"	en	0.0	True	@RFI
1431149987.189546	Sat May  9 08:39:47 2015	596912432246751232	"@JrenzP wat? ggraduate na mumay this sem e. ah loko ibang bansa, pag-uwi moko ebola"	en	0.0	False	 
1431149988.798672	Sat May  9 08:39:48 2015	596912436633993216	"RT @nytimes: A doctor was told he had been cured of Ebola. But the virus was lurking in his eye http:\/\/t.co\/gjRQV9oaid http:\/\/t.co\/QycvZ3ym\u2026"	en	0.0	True	@nytimes
1431149989.728378	Sat May  9 08:39:49 2015	596912439075196928	"@aparnapkin @kateberlant Ebola is now in eyeballs xo"	en	0.0	False	 
1431150000.585269	Sat May  9 08:40:00 2015	596912485850095616	"RT @SkyNews: Liberia Declared Free Of Deadly Ebola Virus http:\/\/t.co\/mc9v6SKcJb"	en	0.1	True	@SkyNews
1431150000.735377	Sat May  9 08:40:00 2015	596912488978984960	"RT @SkyNews: Liberia Declared Free Of Deadly Ebola Virus http:\/\/t.co\/mc9v6SKcJb"	en	0.1	True	@SkyNews
1431150003.461286	Sat May  9 08:40:03 2015	596912500488196096	"RT @9NewsSyd: Ebola turns patient's blue eye green months after he was 'cured'. http:\/\/t.co\/mqRYC83UPb #9News http:\/\/t.co\/Tb2RG7GvfF"	en	-0.1	True	@9NewsSyd
1431150019.679906	Sat May  9 08:40:19 2015	596912565457944576	"RT @SkyNews: US doctor declared free of Ebola last year after treatment found to have disease in eyeball http:\/\/t.co\/93gD7rJnwV http:\/\/t.co\u2026"	en	0.2	True	@SkyNews
1431150040.607077	Sat May  9 08:40:40 2015	596912655534727168	"RT @AdversAerialOne: Eyebola.  https:\/\/t.co\/aLlBIIWJ2J"	en	0.0	True	@AdversAerialOne
1431150047.746342	Sat May  9 08:40:47 2015	596912686354604032	"American doctor cured of Ebola finds the virus in eye - http:\/\/t.co\/qUSi9XUzS8 http:\/\/t.co\/YkXxF6yEd5"	en	0.0	False	 
1431150055.587875	Sat May  9 08:40:55 2015	596912716712914944	"RT @cnni: An American doctor declared free of #Ebola makes an alarming discovery: http:\/\/t.co\/Wn6zK70cow http:\/\/t.co\/GzF6wBlZD1"	en	0.10000000000000002	True	@cnni
1431150074.97276	Sat May  9 08:41:14 2015	596912801114820608	"RT @ChangeAgent002: Ebola virus found in eye fluid of US doctor months after he was declared fully recovered http:\/\/t.co\/kNh52BDBfW"	en	0.0	True	@ChangeAgent002
1431150076.08954	Sat May  9 08:41:16 2015	596912805250539520	"RT @cnni: An American doctor declared free of #Ebola makes an alarming discovery: http:\/\/t.co\/Wn6zK70cow http:\/\/t.co\/GzF6wBlZD1"	en	0.10000000000000002	True	@cnni
1431150077.830772	Sat May  9 08:41:17 2015	596912812879929344	"Society accepted a virus as it was sold to them #Ebola is how they will break it to you so pay close attention. #Lyme #neverstopquestioning"	en	0.0	False	 
1431150084.894908	Sat May  9 08:41:24 2015	596912842487537664	"RT @ynetnews: Liberia declared Ebola-free, but outbreak continues over border - http:\/\/t.co\/leu7hMEFjg"	en	0.0	True	@ynetnews
1431150086.344932	Sat May  9 08:41:26 2015	596912848174862336	"RT @9NewsSyd: Ebola turns patient's blue eye green months after he was 'cured'. http:\/\/t.co\/mqRYC83UPb #9News http:\/\/t.co\/Tb2RG7GvfF"	en	-0.1	True	@9NewsSyd
1431150096.223131	Sat May  9 08:41:36 2015	596912888708640771	"Ebola Lurked In Cured Patient's Eye http:\/\/t.co\/SrMDNy7iZd #prebreak #best"	en	1.0	False	 
1431150096.439287	Sat May  9 08:41:36 2015	596912889346203648	"Ebola Lurked In Cured Patient's Eye http:\/\/t.co\/lRpYrBuzit #prebreak #best"	en	1.0	False	 
1431150096.742498	Sat May  9 08:41:36 2015	596912889967079425	"RT @nytimes: A doctor was told he had been cured of Ebola. But the virus was lurking in his eye http:\/\/t.co\/gjRQV9oaid http:\/\/t.co\/QycvZ3ym\u2026"	en	0.0	True	@nytimes
1431150097.190904	Sat May  9 08:41:37 2015	596912892609302528	"Ebola Lurked In Cured Patient's Eye http:\/\/t.co\/uAuW4J1Pnk #prebreak #best"	en	1.0	False	 
1431150097.193903	Sat May  9 08:41:37 2015	596912893372669954	"Ebola Lurked In Cured Patient's Eye http:\/\/t.co\/axRxukSG8y #prebreak #best"	en-gb	1.0	False	 
1431150097.96745	Sat May  9 08:41:37 2015	596912897185320960	"RT @darklingdiva: *Has common cold*\n*Pretends as if dying from Ebola*"	en	-0.3	True	@darklingdiva
1431150098.687045	Sat May  9 08:41:38 2015	596912900112912384	"Ebola Lurked In Cured Patient's Eye http:\/\/t.co\/OygWrw5VS1 #prebreak #best"	en	1.0	False	 
1431150098.911204	Sat May  9 08:41:38 2015	596912901564182528	"Ebola Lurked In Cured Patient's Eye http:\/\/t.co\/PHQICygnZZ #prebreak #best"	en	1.0	False	 
1431150124.596323	Sat May  9 08:42:04 2015	596913009475362817	"RT @SkyNews: Liberia Declared Free Of Deadly Ebola Virus http:\/\/t.co\/mc9v6SKcJb"	en	0.1	True	@SkyNews
1431150129.851186	Sat May  9 08:42:09 2015	596913031403085824	"@7SealsOfTheEnd SIr, ZIR, ..can you grow SPERM in a lab with #Ebola, you know like the natural stuff...ZIR? @tomlinden0 @iamlibertyshow"	en	0.1	False	 
1431150131.894629	Sat May  9 08:42:11 2015	596913038822899712	"RT @nytimes: A doctor was told he had been cured of Ebola. But the virus was lurking in his eye http:\/\/t.co\/gjRQV9oaid http:\/\/t.co\/QycvZ3ym\u2026"	en	0.0	True	@nytimes
1431150134.582543	Sat May  9 08:42:14 2015	596913050940211200	"i can't fall asleep bc i read the ebola eye story"	en	0.0	False	 
1431150136.151718	Sat May  9 08:42:16 2015	596913057261031424	"American Ebola Patient Considered Cured of the Disease Saw Something Very Stran... http:\/\/t.co\/aWAntS208Q via @theblaze"	en	0.1	False	 
1431150144.304753	Sat May  9 08:42:24 2015	596913091448852480	"\"@cnni: An American doctor declared free of #Ebola makes an alarming discovery: http:\/\/t.co\/4ctKLF8vBW http:\/\/t.co\/A7vULyB4y2\""	en	0.10000000000000002	False	 
1431150158.880296	Sat May  9 08:42:38 2015	596913152341745665	"Ebola'dan kurtuldu tazminat davas\u0131 a\u00e7t\u0131 http:\/\/t.co\/AHKDV54QdO #do\u011faltedavi #do\u011falsa\u011fl\u0131k #bitkisel\u00fcr\u00fcnler #bitkiselsaglik #bitkiseltedavi\u2026"	en-gb	0.0	False	 
1431150173.031883	Sat May  9 08:42:53 2015	596913211728744448	"Ebola found in doctor's eye, months after being cleared http:\/\/t.co\/PUhRNVGawa"	en	0.0	False	 
1431150177.958383	Sat May  9 08:42:57 2015	596913230301171712	"Community trust is a significant issue, @CNN: Beating #Ebola? It's a matter of trust http:\/\/t.co\/mZT4vj33Mt"	en	0.375	False	 
1431150178.506776	Sat May  9 08:42:58 2015	596913233912463361	"Liberia na ruim een jaar ebolavrij: Er heerst geen ebola meer in Liberia. Meer dan een jaar lang hield de ziek... http:\/\/t.co\/RaDPSZosCF"	en	0.0	False	 
1431150179.65859	Sat May  9 08:42:59 2015	596913239214030848	"Liberia na ruim een jaar ebolavrij: Er heerst geen ebola meer in Liberia. Meer dan een jaar lang hield de ziek... http:\/\/t.co\/neCCYBb2Be"	en	0.0	False	 
1431150181.742095	Sat May  9 08:43:01 2015	596913249045585920	"Ebola\rLiberia is Ebola free nation \rRemain Guinea&amp;Sierra Leone\rSince outbreak of"	en	0.4	False	 
1431150183.104057	Sat May  9 08:43:03 2015	596913254686806016	"US Ebola patient declared cured for months has it in his eye, turning it from blue to green http:\/\/t.co\/iTo9MC0YsH - @BizPacReview"	en	-0.1	False	 
1431150185.672873	Sat May  9 08:43:05 2015	596913264946184192	"RT @TR_Foundation: #Liberia declared #Ebola-free http:\/\/t.co\/nfjGealoUe http:\/\/t.co\/fSzUNEQMPi"	en	0.0	True	@TR_Foundation
1431150187.318037	Sat May  9 08:43:07 2015	596913271816392704	"RT @nytimes: A doctor was told he had been cured of Ebola. But the virus was lurking in his eye http:\/\/t.co\/gjRQV9oaid http:\/\/t.co\/QycvZ3ym\u2026"	en	0.0	True	@nytimes
1431150187.900451	Sat May  9 08:43:07 2015	596913274899144704	"US Ebola patient declared cured for months has it in his eye, turning it from blue to green http:\/\/t.co\/eVZjfU9PzC  via @BizPacReview"	en	-0.1	False	 
1431150203.133406	Sat May  9 08:43:23 2015	596913338539319296	"Ebola found in doctor's eye, months after being cleared http:\/\/t.co\/0VyL2AkJNe"	en	0.0	False	 
1431150206.212732	Sat May  9 08:43:26 2015	596913350870568961	"Ebola found in doctor's eye, months after being cleared http:\/\/t.co\/iyHxi4vAF0"	en	0.0	False	 
1431150209.798473	Sat May  9 08:43:29 2015	596913366725238784	"RT @SkyNews: Liberia Declared Free Of Deadly Ebola Virus http:\/\/t.co\/mc9v6SKcJb"	en	0.1	True	@SkyNews
1431150212.618633	Sat May  9 08:43:32 2015	596913378414690304	"RT @nytimes: A doctor was told he had been cured of Ebola. But the virus was lurking in his eye http:\/\/t.co\/gjRQV9oaid http:\/\/t.co\/QycvZ3ym\u2026"	en	0.0	True	@nytimes
1431150223.038289	Sat May  9 08:43:43 2015	596913422287142912	"RT @SkyNews: Liberia Declared Free Of Deadly Ebola Virus http:\/\/t.co\/mc9v6SKcJb"	en	0.1	True	@SkyNews
1431150225.701208	Sat May  9 08:43:45 2015	596913432206516224	"RT @anthroetc: Ripple effects of Ebola include the disruption of immunization programs. https:\/\/t.co\/ZdtXRc1Xy4"	en	0.0	True	@anthroetc
1431150226.987133	Sat May  9 08:43:46 2015	596913436774117376	"Ebola Lingered in One Man's Eye http:\/\/t.co\/y68exXe087"	en	0.0	False	 
1431150244.584704	Sat May  9 08:44:04 2015	596913511290146816	"RT @9NewsSyd: Ebola turns patient's blue eye green months after he was 'cured'. http:\/\/t.co\/mqRYC83UPb #9News http:\/\/t.co\/Tb2RG7GvfF"	en	-0.1	True	@9NewsSyd
1431150247.639893	Sat May  9 08:44:07 2015	596913521641783296	"RT @SkyNews: Liberia Declared Free Of Deadly Ebola Virus http:\/\/t.co\/mc9v6SKcJb"	en	0.1	True	@SkyNews
1431150256.225902	Sat May  9 08:44:16 2015	596913554797662208	"UN to begin polio and measles vaccinations as Ebola \ntransmissions plummet in Liberia http:\/\/t.co\/eIvYvmXD49"	en	0.0	False	 
1431150272.999046	Sat May  9 08:44:32 2015	596913630488190977	"RT @DoctorYasmin: It's official. Liberia declared free of Ebola."	en	0.4	True	@DoctorYasmin
1431150276.551243	Sat May  9 08:44:36 2015	596913644341891072	"CNN: American doctor declared free of Ebola finds the virus in his eye months later  http:\/\/t.co\/FYJDHNUeB4"	en	0.13333333333333333	False	 
1431150276.555241	Sat May  9 08:44:36 2015	596913645608693760	"Cudurka Ebola oo Liberia laga sifeeyay http:\/\/t.co\/jXG6zqHYyD"	en	0.0	False	 
1431150280.543504	Sat May  9 08:44:40 2015	596913662582853632	"RT @cnni: An American doctor declared free of #Ebola makes an alarming discovery: http:\/\/t.co\/Wn6zK70cow http:\/\/t.co\/GzF6wBlZD1"	en	0.10000000000000002	True	@cnni
1431150289.620143	Sat May  9 08:44:49 2015	596913700541333504	"RT @starfishncoffee: Oh GAH! RT @A doctor was told he had been cured of Ebola. But the virus was lurking in his eye http:\/\/t.co\/dFQhxAe8zy \u2026"	en	0.0	True	@starfishncoffee
1431150299.184733	Sat May  9 08:44:59 2015	596913740357959680	"RT @nytimes: A doctor was told he had been cured of Ebola. But the virus was lurking in his eye http:\/\/t.co\/gjRQV9oaid http:\/\/t.co\/QycvZ3ym\u2026"	en	0.0	True	@nytimes
1431150304.085052	Sat May  9 08:45:04 2015	596913757307023360	"Ebola found in US man's eye \u2013 report http:\/\/t.co\/dUcqPuuGeA http:\/\/t.co\/Wq8huhBqO4"	en	0.0	False	 
1431150312.761626	Sat May  9 08:45:12 2015	596913798633660416	"@blamefeyris You can't fight ebola they're gonna become weeaboos in a month"	en	0.0	False	 
1431150327.358573	Sat May  9 08:45:27 2015	596913858536603648	"@nytimes The evil eye. The Ebola eye.  Stuff bad Dre's are made of.  In the eye. In the semen dreams go by doc gets even"	en	-0.8499999999999999	False	 
1431150328.07467	Sat May  9 08:45:28 2015	596913862240272384	"i have ebola on my chest :))))))) http:\/\/t.co\/ig5kWo3Isy"	en	0.5	False	 
1431150332.686949	Sat May  9 08:45:32 2015	596913879034122240	"RT @BillGates: The Ebola epidemic will have terrible ripple effects long after the last case\u2014unless we act: http:\/\/t.co\/Pnjn45ihc6 http:\/\/t\u2026"	en	-0.35000000000000003	True	@BillGates
1431150334.34705	Sat May  9 08:45:34 2015	596913886697299968	"Doctor thought he was cured of Ebola \u2013 but he was for a big shock http:\/\/t.co\/RazI8trhiX"	en	0.0	False	 
1431150338.423972	Sat May  9 08:45:38 2015	596913902169886721	"RT @cnnbrk: Doctors stunned after Ebola found in eye of U.S. physician who had been declared free of the virus. http:\/\/t.co\/wZnZDo2ThN"	en	0.4	True	@cnnbrk
1431150338.959967	Sat May  9 08:45:38 2015	596913904808239104	"Good news of the day - Liberia set to be declared Ebola-free\n\nhttp:\/\/t.co\/qIqvS5jblh"	en	0.7	False	 
1431150339.260026	Sat May  9 08:45:39 2015	596913908813815808	"RT @nytimes: A doctor was told he had been cured of Ebola. But the virus was lurking in his eye http:\/\/t.co\/gjRQV9oaid http:\/\/t.co\/QycvZ3ym\u2026"	en	0.0	True	@nytimes
1431150355.721075	Sat May  9 08:45:55 2015	596913978183258112	"RT @cnni: An American doctor declared free of #Ebola makes an alarming discovery: http:\/\/t.co\/Wn6zK70cow http:\/\/t.co\/GzF6wBlZD1"	en	0.10000000000000002	True	@cnni
1431150372.57422	Sat May  9 08:46:12 2015	596914048245092352	"RT @JornalOGlobo: V\u00edrus do ebola reaparece no olho e muda a cor da \u00edris de m\u00e9dico americano curado. http:\/\/t.co\/VZBVEsRyBL http:\/\/t.co\/vX4S\u2026"	en	0.0	True	@JornalOGlobo
1431150377.930574	Sat May  9 08:46:17 2015	596914069900136448	"#Liberia declared Ebola-free, but outbreak continues over border #ebola. http:\/\/t.co\/6dnmx1CfrZ"	en	0.0	False	 
1431150378.450608	Sat May  9 08:46:18 2015	596914071166783488	"RT @ideas4thefuture: Doctor thought he was cured of Ebola \u2013 but he was for a big shock http:\/\/t.co\/RazI8trhiX"	en	0.0	True	@ideas4thefuture
1431150380.542696	Sat May  9 08:46:20 2015	596914082185408515	"RT @JornalOGlobo: V\u00edrus do ebola reaparece no olho e muda a cor da \u00edris de m\u00e9dico americano curado. http:\/\/t.co\/VZBVEsRyBL http:\/\/t.co\/vX4S\u2026"	en	0.0	True	@JornalOGlobo
1431150380.850728	Sat May  9 08:46:20 2015	596914083275800577	"RT @cnni: An American doctor declared free of #Ebola makes an alarming discovery: http:\/\/t.co\/Wn6zK70cow http:\/\/t.co\/GzF6wBlZD1"	en	0.10000000000000002	True	@cnni
1431150390.507353	Sat May  9 08:46:30 2015	596914124799479808	"Ebola Virus Lives on Hospital Surfaces for Days http:\/\/t.co\/cohLs6Kqvz"	en	0.0	False	 
1431150394.387633	Sat May  9 08:46:34 2015	596914140939100161	"#SkyNews Liberia Declared Free Of Deadly Ebola Virus: After an outbreak that killed more than 11,000 people in... http:\/\/t.co\/YFxOCy1Wsv"	en	0.125	False	 
1431150399.852017	Sat May  9 08:46:39 2015	596914164062363648	"RT @nytimes: A doctor was told he had been cured of Ebola. But the virus was lurking in his eye http:\/\/t.co\/gjRQV9oaid http:\/\/t.co\/QycvZ3ym\u2026"	en	0.0	True	@nytimes
1431150402.596175	Sat May  9 08:46:42 2015	596914172534861824	"RT @JornalOGlobo: V\u00edrus do ebola reaparece no olho e muda a cor da \u00edris de m\u00e9dico americano curado. http:\/\/t.co\/VZBVEsRyBL http:\/\/t.co\/vX4S\u2026"	en	0.0	True	@JornalOGlobo
1431150402.984224	Sat May  9 08:46:42 2015	596914176494297088	"RT @MicrobesInfect: Liberia is declared #Ebola-free, but the outbreak continues over border http:\/\/t.co\/ZXXy9ekCLp"	en	0.0	True	@MicrobesInfect
1431150408.588541	Sat May  9 08:46:48 2015	596914198422102016	"As Ebola Leaves Liberia, Measles Make A Forceful Comeback http:\/\/t.co\/FIxvMQnoE4 http:\/\/t.co\/caXaWtseWP"	en	0.0	False	 
1431150410.189371	Sat May  9 08:46:50 2015	596914206890426368	"RT @SkyNews: Liberia Declared Free Of Deadly Ebola Virus http:\/\/t.co\/mc9v6SKcJb"	en	0.1	True	@SkyNews
1431150423.99001	Sat May  9 08:47:03 2015	596914264750841859	"RT @nytimes: A doctor was told he had been cured of Ebola. But the virus was lurking in his eye http:\/\/t.co\/gjRQV9oaid http:\/\/t.co\/QycvZ3ym\u2026"	en	0.0	True	@nytimes
1431150424.7341	Sat May  9 08:47:04 2015	596914267758010368	"#@cnni: An American doctor declared free of #Ebola makes an alarming discovery: http:\/\/t.co\/UNKYCI88fJ\u00a0\u2026 http:\/\/t.co\/9p1WpzCjU3"	en	0.10000000000000002	False	 
1431150424.886063	Sat May  9 08:47:04 2015	596914268722704385	"RT @madambi_masuku: @GodNevado @rickyrozay waT.... We don't hav Ebola in South Africa"	en	0.0	True	@madambi_masuku
1431150434.170687	Sat May  9 08:47:14 2015	596914306475761664	"RT @JornalOGlobo: V\u00edrus do ebola reaparece no olho e muda a cor da \u00edris de m\u00e9dico americano curado. http:\/\/t.co\/VZBVEsRyBL http:\/\/t.co\/vX4S\u2026"	en	0.0	True	@JornalOGlobo
1431150438.783027	Sat May  9 08:47:18 2015	596914326004486144	"RT @nytimes: A doctor was told he had been cured of Ebola. But the virus was lurking in his eye http:\/\/t.co\/gjRQV9oaid http:\/\/t.co\/QycvZ3ym\u2026"	en	0.0	True	@nytimes
1431150440.775157	Sat May  9 08:47:20 2015	596914332962807809	"RT @RawyaRageh: After 42days of no #Ebola cases recorded WHO declares #Liberia Ebola-free,MSF warns w cases still in #Guinea, #SierraLeone \u2026"	en	0.0	True	@RawyaRageh
1431150442.203252	Sat May  9 08:47:22 2015	596914340122374144	"RT @nytimes: A doctor was told he had been cured of Ebola. But the virus was lurking in his eye http:\/\/t.co\/gjRQV9oaid http:\/\/t.co\/QycvZ3ym\u2026"	en	0.0	True	@nytimes
1431150445.147407	Sat May  9 08:47:25 2015	596914353837895680	"Ebola discovered in patient\u2019s eye months after being cleared http:\/\/t.co\/xeZf4sCxdo"	en	0.0	False	 
1431150445.371459	Sat May  9 08:47:25 2015	596914354529894400	"Congrats to Humanity, espec. #Liberia who successfully fought the deadly #Ebola. #Burundi challenge is far weaker https:\/\/t.co\/jpNo4utGWq"	en	0.21666666666666667	False	 
1431150457.100194	Sat May  9 08:47:37 2015	596914404182106112	"RT @nytimesworld: 41 days have passed since Liberia buried its last Ebola victim. One more day, and it will be declared Ebola-free http:\/\/t\u2026"	en	0.14166666666666666	True	@nytimesworld
1431150457.692272	Sat May  9 08:47:37 2015	596914406166044672	"Tirando esse canto de oho remelento, bem que podia pegar ebola e ficar com olhos castanho claro"	en	0.0	False	 
1431150458.796345	Sat May  9 08:47:38 2015	596914408841940992	"RT @RawyaRageh: After 42days of no #Ebola cases recorded WHO declares #Liberia Ebola-free,MSF warns w cases still in #Guinea, #SierraLeone \u2026"	en	0.0	True	@RawyaRageh
1431150469.645018	Sat May  9 08:47:49 2015	596914455063101440	"Doctor with Ebola in eye in Denver http:\/\/t.co\/UeY7LzoZUI"	en	0.0	False	 
1431150484.294002	Sat May  9 08:48:04 2015	596914517692547072	"RT @insidebryan: @cnni Interesting article about Ebola in the eye, causing the color to change from blue to green. @StanfordMed"	en	0.09999999999999999	True	@insidebryan
1431150485.646068	Sat May  9 08:48:05 2015	596914522809606144	"RT @nytimes: A doctor was told he had been cured of Ebola. But the virus was lurking in his eye http:\/\/t.co\/gjRQV9oaid http:\/\/t.co\/QycvZ3ym\u2026"	en	0.0	True	@nytimes
1431150488.286253	Sat May  9 08:48:08 2015	596914534167764992	"Months after recovering from Ebola, this man found out he still had Ebola http:\/\/t.co\/fte3rauJwh"	en	0.0	False	 
1431150489.342323	Sat May  9 08:48:09 2015	596914538999517184	"@9NewsSyd @Matt131267 Damn you Ebola you cant see it but I'm shacking my head fiercely right now turning eyes from blue to green how dare u."	en	0.028571428571428564	False	 
1431150492.006488	Sat May  9 08:48:12 2015	596914547895697408	"#Ebola: reaching families in #SierraLeone with life-saving information http:\/\/t.co\/WOJ1gepPZp #EbolaOutbreak http:\/\/t.co\/E1Yp6d4Pej"	en	0.0	False	 
1431150492.150542	Sat May  9 08:48:12 2015	596914549908975616	"#Ebola: reaching families in #SierraLeone with life-saving information http:\/\/t.co\/RcmofKkuOe #EbolaResponse #EbolaOutbreak"	en	0.0	False	 
1431150503.196438	Sat May  9 08:48:23 2015	596914593730985984	"RT @bharianmy: Liberia diisytiharkan bebas Ebola http:\/\/t.co\/cbRAdiYpAl"	en	0.0	True	@bharianmy
1431150510.384911	Sat May  9 08:48:30 2015	596914625645584384	"#Ebola hides for months after survival in semen, breast milk &amp; now tears? Get ready for the transmission long haul http:\/\/t.co\/X5hbZa9qpy"	en	0.07500000000000001	False	 
1431150520.677536	Sat May  9 08:48:40 2015	596914670490886144	"Doctor with Ebola in eye in Denver: The case concerns Dr. Ian Crozier, an American physician who caught Ebola ... http:\/\/t.co\/rDhmbWKoLy"	en	0.0	False	 
1431150525.55391	Sat May  9 08:48:45 2015	596914690426589184	"Ebola Changed This Doctor's Eye Color - Popular Science http:\/\/t.co\/Nvsz00JVwg"	en	0.6	False	 
1431150525.717921	Sat May  9 08:48:45 2015	596914690694983680	"RT @_HealthStory: Beating Ebola? It's a matter of trust #health http:\/\/t.co\/Wa6OkAbFDp http:\/\/t.co\/9ivEdbakbZ"	en	0.0	True	@_HealthStory
1431150540.594866	Sat May  9 08:49:00 2015	596914752904929280	"RT @KathleenNdongmo: Wow! #Liberia may receive the all-clear of #ebola from the @WHO today. No new cases have been registered in the last 4\u2026"	en	0.01893939393939394	True	@KathleenNdongmo
1431150547.563361	Sat May  9 08:49:07 2015	596914782281818112	"RT @BillGates: The Ebola epidemic will have terrible ripple effects long after the last case\u2014unless we act: http:\/\/t.co\/Pnjn45ihc6 http:\/\/t\u2026"	en-gb	-0.35000000000000003	True	@BillGates
1431150550.155509	Sat May  9 08:49:10 2015	596914793274978304	"RT @cnnbrk: Doctors stunned after Ebola found in eye of U.S. physician who had been declared free of the virus. http:\/\/t.co\/wZnZDo2ThN"	en	0.4	True	@cnnbrk
1431150561.720294	Sat May  9 08:49:21 2015	596914842457534465	"American doctor cured of Ebola finds the virus in eye http:\/\/t.co\/sO8jOUQt6T"	en	0.0	False	 
1431150591.711234	Sat May  9 08:49:51 2015	596914965400788992	"I hope you get Ebola."	en	0.0	False	 
1431150605.624205	Sat May  9 08:50:05 2015	596915023605182464	"RT @nytimes: A doctor was told he had been cured of Ebola. But the virus was lurking in his eye http:\/\/t.co\/gjRQV9oaid http:\/\/t.co\/QycvZ3ym\u2026"	en	0.0	True	@nytimes
1431150611.076513	Sat May  9 08:50:11 2015	596915049798610945	"RT @tessafiet17: I hope you get Ebola."	en	0.0	True	@tessafiet17
1431150613.084674	Sat May  9 08:50:13 2015	596915058157850624	"After Nearly Claiming His Life, Ebola Lurked in a Doctor\u2019s Eye http:\/\/t.co\/q7YjFUpxQN"	en	0.1	False	 
1431150615.980892	Sat May  9 08:50:15 2015	596915065133133824	"RT @SkyNews: Liberia Declared Free Of Deadly Ebola Virus http:\/\/t.co\/mc9v6SKcJb"	en	0.1	True	@SkyNews
1431150618.709074	Sat May  9 08:50:18 2015	596915082132627456	"@JornalOGlobo nossa vo pegar ebola Tbm pra ficar com olho bonito"	en	0.0	False	 
1431150623.541344	Sat May  9 08:50:23 2015	596915101048950784	"RT @UNICEF: Women across SL mobilize to drive the final push to zero #Ebola cases. http:\/\/t.co\/hPpzoKTda2   via @UNICEFSL http:\/\/t.co\/dttmk\u2026"	en	0.0	True	@UNICEF
1431150623.697342	Sat May  9 08:50:23 2015	596915101850071042	"RT @JornalOGlobo: V\u00edrus do ebola reaparece no olho e muda a cor da \u00edris de m\u00e9dico americano curado. http:\/\/t.co\/VZBVEsRyBL http:\/\/t.co\/vX4S\u2026"	en	0.0	True	@JornalOGlobo
1431150624.097368	Sat May  9 08:50:24 2015	596915103884152832	"https:\/\/t.co\/kaIGGhoE6A Ebola Bowl"	en	0.0	False	 
1431150627.797666	Sat May  9 08:50:27 2015	596915116651712512	"RT @_NatureScience: Liberia, Ravaged by Ebola, Faces a Future Without It #HygieneandCleanliness http:\/\/t.co\/OIttOdSCJH http:\/\/t.co\/h6gGGoaJ\u2026"	en	0.0	True	@_NatureScience
1431150640.058474	Sat May  9 08:50:40 2015	596915171454492672	"Human-human transmission and the role of super spreaders need to be considered in Lassa fever, Ebola http:\/\/t.co\/6QBEgUa5ap"	en	0.3333333333333333	False	 
1431150643.574667	Sat May  9 08:50:43 2015	596915186256207872	"Wow. Survivors' \u201cpost-Ebola syndrome.\u201d #immuneprivilege #sequelae https:\/\/t.co\/SYU8gmaxKk"	en	0.1	False	 
1431150664.384076	Sat May  9 08:51:04 2015	596915273766154241	"In a far off galaxy... Ebola wed nazi\u2019s orange squid milk\n #feminist"	en	0.1	False	 
1431150667.112256	Sat May  9 08:51:07 2015	596915283823955969	"RT @UNICEF: Women across SL mobilize to drive the final push to zero #Ebola cases. http:\/\/t.co\/hPpzoKTda2   via @UNICEFSL http:\/\/t.co\/dttmk\u2026"	en	0.0	True	@UNICEF
1431150676.861907	Sat May  9 08:51:16 2015	596915325066674176	"#LIBERIA: \nDeclared Free Of Deadly Ebola Virus \n\n#Ebola\nhttp:\/\/t.co\/LpnagAALq5 #HEALTH"	en	0.1	False	 
1431150690.21877	Sat May  9 08:51:30 2015	596915360445632513	"Ebola Nedir?, Ebola Vir\u00fcs\u00fc Nas\u0131l Bula\u015f\u0131r?, Ebola Hastal\u0131\u011f\u0131n\u0131n Belirtileri Nelerdir?, Ebola Nas\u0131l Te\u015fhis Edilir?, Ebola Hastal\u0131\u011f\u0131 Nas\u0131l Teda\u2026"	en-gb	0.0	False	 
1431150692.670949	Sat May  9 08:51:32 2015	596915385011609601	"#Health: Liberia declared Ebola-free, but outbreak continues over border - Reuters http:\/\/t.co\/qHrjlqCkks"	en	0.0	False	 
1431150692.714952	Sat May  9 08:51:32 2015	596915387318476801	"#Health: Liberia beats Ebola and learns from the crisis - Minneapolis Star Tribune http:\/\/t.co\/30gB1G68jr"	en	0.0	False	 
1431150693.859029	Sat May  9 08:51:33 2015	596915397145796608	"After Ebola: New Questions Raised About Burial Rites in Outbreak Nations  http:\/\/t.co\/JC7oFKnT5y"	en	0.13636363636363635	False	 
1431150694.639081	Sat May  9 08:51:34 2015	596915399482077185	"Ebola vaccine to cost $100 per dose - http:\/\/t.co\/tDvPgkPPAO #Street77News http:\/\/t.co\/JUvWNpVy1d"	en	0.0	False	 
1431150709.468061	Sat May  9 08:51:49 2015	596915460450426880	"RT @nytimes: A doctor was told he had been cured of Ebola. But the virus was lurking in his eye http:\/\/t.co\/gjRQV9oaid http:\/\/t.co\/QycvZ3ym\u2026"	en	0.0	True	@nytimes
1431150709.480032	Sat May  9 08:51:49 2015	596915461712818176	"Liberia declared Ebola-free, but outbreak continues over border http:\/\/t.co\/C27FNfMpFa"	en	0.0	False	 
1431150713.632287	Sat May  9 08:51:53 2015	596915479324659712	"RT @LIVENewsDesk: Liberia's been declared #Ebola free, after 42 days without a new case. More than 11,000 have died and 26,000 infected in \u2026"	en	0.34545454545454546	True	@LIVENewsDesk
1431150726.177162	Sat May  9 08:52:06 2015	596915532256927744	"After 42 days with no recorded cases of #Ebola, Liberia been declared Ebola-free by the #WHO"	en	0.0	False	 
1431150730.037417	Sat May  9 08:52:10 2015	596915548031557632	"RT @cnni: An American doctor declared free of #Ebola makes an alarming discovery: http:\/\/t.co\/Wn6zK70cow http:\/\/t.co\/GzF6wBlZD1"	en	0.10000000000000002	True	@cnni
1431150730.885425	Sat May  9 08:52:10 2015	596915552356081664	"Ebola survivor's eye color changes after virus remained inside eye - http:\/\/t.co\/SxgfIvuj2r #ebola"	en	0.0	False	 
1431150731.149435	Sat May  9 08:52:11 2015	596915553614323712	"Ebola turns mans eye from blue to green - http:\/\/t.co\/qWG6083GIE #ebola"	en	-0.1	False	 
1431150731.373475	Sat May  9 08:52:11 2015	596915554457395200	"Doctor finds Ebola virus in his eye - https:\/\/t.co\/t0pwKP7BtX #ebola"	en	0.0	False	 
1431150743.374266	Sat May  9 08:52:23 2015	596915604746948608	"RT @SkyNews: Liberia Declared Free Of Deadly Ebola Virus http:\/\/t.co\/mc9v6SKcJb"	en	0.1	True	@SkyNews
1431150745.134411	Sat May  9 08:52:25 2015	596915612280070144	"Ebola Nedir?, Ebola Vir\u00fcs\u00fc Nas\u0131l Bula\u015f\u0131r?, Ebola Hastal\u0131\u011f\u0131n\u0131n Belirtileri Nelerdir?, Ebola Nas\u0131l Te\u015fhis Edilir?, Ebola Hastal\u0131\u011f\u0131 Nas\u0131l Teda\u2026"	en-gb	0.0	False	 
1431150756.479129	Sat May  9 08:52:36 2015	596915658404802560	"RT @nytimes: A doctor was told he had been cured of Ebola. But the virus was lurking in his eye http:\/\/t.co\/gjRQV9oaid http:\/\/t.co\/QycvZ3ym\u2026"	en	0.0	True	@nytimes
1431150761.411433	Sat May  9 08:52:41 2015	596915680634601472	"Liberia Declared Free Of Deadly Ebola Virus: Liberia has been declared free from Ebola after 42\u2026 http:\/\/t.co\/liwPjNYmWM"	en	0.20000000000000004	False	 
1431150781.641663	Sat May  9 08:53:01 2015	596915741229711360	"@3ilidh sick as in \"oh man they rocked my socks!\" or sick as in \"they gave me ebola\"? \ud83d\ude28\ud83d\ude28\ud83d\ude28"	en	-0.7142857142857143	False	 
1431150784.153855	Sat May  9 08:53:04 2015	596915770271113216	"Liberia Declared Free Of Deadly Ebola Virus http:\/\/t.co\/EGhhiQJ2H6"	en	0.1	False	 
1431150786.293944	Sat May  9 08:53:06 2015	596915784657440768	"News:  Liberia declared Ebola-free after 42 days without new case http:\/\/t.co\/PE71xlIxyi"	en	0.13636363636363635	False	 
1431150787.406041	Sat May  9 08:53:07 2015	596915789669752833	"RT @Corriereit: I virus di Ebola  \u00abnascosto\u00bb  nell\u2019occhio di un medico (guarito)  http:\/\/t.co\/BoEq5bpabs http:\/\/t.co\/YOgNbmBAyW"	en	0.0	True	@Corriereit
1431150798.698785	Sat May  9 08:53:18 2015	596915836729819136	"#Ebola hides for months after survival in semen, breast milk &amp; now tears? Get ready for the transmission long haul http:\/\/t.co\/DghchwvzLI"	en	0.07500000000000001	False	 
1431150812.031693	Sat May  9 08:53:32 2015	596915891666845696	"RT @UNICEF: Women across SL mobilize to drive the final push to zero #Ebola cases. http:\/\/t.co\/hPpzoKTda2   via @UNICEFSL http:\/\/t.co\/dttmk\u2026"	en	0.0	True	@UNICEF
1431150821.916317	Sat May  9 08:53:41 2015	596915933232304128	"RT @nytimes: A doctor was told he had been cured of Ebola. But the virus was lurking in his eye http:\/\/t.co\/gjRQV9oaid http:\/\/t.co\/QycvZ3ym\u2026"	en	0.0	True	@nytimes
1431150824.700526	Sat May  9 08:53:44 2015	596915945907429376	"@iroonmac ay as in? Ano gawin mo doon? Magpahawa sa may mga ebola? \ud83d\ude4a"	en	0.0	False	 
1431150826.172571	Sat May  9 08:53:46 2015	596915951351648257	"RT @WoWFunniest: *Ebola joke*\neveryone laughs \n\n*AIDS joke*\neveryone laughs\n\n*Cancer joke*\nwtf is wrong with you? people die of Cancer!\n\n-o\u2026"	en	-0.5	True	@WoWFunniest
1431150846.825959	Sat May  9 08:54:06 2015	596916034151415808	"RT @RealAlexJones: New Ebola patient, Amber Vinson, says CDC told her it was ok to go on flight, even though she had low grade fever and wa\u2026"	en	0.21212121212121213	True	@RealAlexJones
1431150854.59844	Sat May  9 08:54:14 2015	596916070780411905	"RT @WoWFunniest: *Ebola joke*\neveryone laughs \n\n*AIDS joke*\neveryone laughs\n\n*Cancer joke*\nwtf is wrong with you? people die of Cancer!\n\n-o\u2026"	en	-0.5	True	@WoWFunniest
1431150862.227	Sat May  9 08:54:22 2015	596916101893632001	"RT @RapplerID: Ebola found in US man's eye \u2013 report http:\/\/t.co\/dUcqPuuGeA http:\/\/t.co\/Wq8huhBqO4"	en	0.0	True	@RapplerID
1431150872.06762	Sat May  9 08:54:32 2015	596916144344150016	"RT @WoWFunniest: *Ebola joke*\neveryone laughs \n\n*AIDS joke*\neveryone laughs\n\n*Cancer joke*\nwtf is wrong with you? people die of Cancer!\n\n-o\u2026"	en	-0.5	True	@WoWFunniest
1431150879.316068	Sat May  9 08:54:39 2015	596916174610309120	"RT @nytimes: A doctor was told he had been cured of Ebola. But the virus was lurking in his eye http:\/\/t.co\/gjRQV9oaid http:\/\/t.co\/QycvZ3ym\u2026"	en	0.0	True	@nytimes
1431150886.442221	Sat May  9 08:54:46 2015	596916204888989696	"RT @WoWFunniest: *Ebola joke*\neveryone laughs \n\n*AIDS joke*\neveryone laughs\n\n*Cancer joke*\nwtf is wrong with you? people die of Cancer!\n\n-o\u2026"	en	-0.5	True	@WoWFunniest
1431150890.67853	Sat May  9 08:54:50 2015	596916222698070016	"RT @SkyNews: US doctor declared free of Ebola last year after treatment found to have disease in eyeball http:\/\/t.co\/93gD7rJnwV http:\/\/t.co\u2026"	en-gb	0.2	True	@SkyNews
1431150901.335174	Sat May  9 08:55:01 2015	596916266838941696	"RT @SkyNews: Liberia Declared Free Of Deadly Ebola Virus http:\/\/t.co\/mc9v6SKcJb"	en	0.1	True	@SkyNews
1431150908.643661	Sat May  9 08:55:08 2015	596916297348222976	"After Nearly Claiming His Life, Ebola Lurked in a Doctor\u2019s Eye http:\/\/t.co\/6Kw27BqFdo"	en	0.1	False	 
1431150912.067909	Sat May  9 08:55:12 2015	596916308253376512	"Liberia Ebola outbreak declared over after 42 days without new case \u2013\u00a0CBC.ca http:\/\/t.co\/5bH2GBBZ3K"	en	0.13636363636363635	False	 
1431150915.904193	Sat May  9 08:55:15 2015	596916327375220736	"RT @SkyNews: Liberia Declared Free Of Deadly Ebola Virus http:\/\/t.co\/mc9v6SKcJb"	en-gb	0.1	True	@SkyNews
1431150916.956231	Sat May  9 08:55:16 2015	596916332265746432	"Ebola virus found lurking in doctor\u2019s\u00a0eye http:\/\/t.co\/nzzSuc5Fgt"	en	0.0	False	 
1431150918.032302	Sat May  9 08:55:18 2015	596916335675715584	"RT @WoWFunniest: *Ebola joke*\neveryone laughs \n\n*AIDS joke*\neveryone laughs\n\n*Cancer joke*\nwtf is wrong with you? people die of Cancer!\n\n-o\u2026"	en	-0.5	True	@WoWFunniest
1431150919.620407	Sat May  9 08:55:19 2015	596916343225470976	"Liberia beats Ebola and learns from the crisis \u2013 Minneapolis Star\u00a0Tribune http:\/\/t.co\/7YfTQAb5qN"	en	0.0	False	 
1431150924.504728	Sat May  9 08:55:24 2015	596916364444499968	"Marion County emergency responders experience Ebola terrorism training \u2013 http:\/\/t.co\/8Q5cRUrl14 http:\/\/t.co\/y2MvmFtat4"	en	0.0	False	 
1431150927.2089	Sat May  9 08:55:27 2015	596916375567867904	"RT @SkyNews: Liberia Declared Free Of Deadly Ebola Virus http:\/\/t.co\/mc9v6SKcJb"	en	0.1	True	@SkyNews
1431150928.292951	Sat May  9 08:55:28 2015	596916380294778880	"Ebola patient\u2019s strange symptom: His eye color changes \u2013\u00a0CNET http:\/\/t.co\/fLn9kUw5UJ"	en	-0.05	False	 
1431150928.660977	Sat May  9 08:55:28 2015	596916381041315840	"RT @WoWFunniest: *Ebola joke*\neveryone laughs \n\n*AIDS joke*\neveryone laughs\n\n*Cancer joke*\nwtf is wrong with you? people die of Cancer!\n\n-o\u2026"	en	-0.5	True	@WoWFunniest
1431150941.341321	Sat May  9 08:55:41 2015	596916434199973889	"An American woman\u2019s fight to stop Ebola with\u00a0technology http:\/\/t.co\/Qw7D2mbFgv"	en	0.0	False	 
1431150946.54572	Sat May  9 08:55:46 2015	596916456559923200	"RT @nytimes: A doctor was told he had been cured of Ebola. But the virus was lurking in his eye http:\/\/t.co\/gjRQV9oaid http:\/\/t.co\/QycvZ3ym\u2026"	en	0.0	True	@nytimes
1431150948.837842	Sat May  9 08:55:48 2015	596916466055675904	"The Hot Zone: Ending Ebola (For Now)? \u2013 Popular\u00a0Science http:\/\/t.co\/sXGYTsHMu0"	en	0.25	False	 
1431150954.290176	Sat May  9 08:55:54 2015	596916488948228096	"Liberia Nearly Ebola-Free, But Could the Virus Come Back? \u2013 Live\u00a0Science http:\/\/t.co\/E9yvChU9C8"	en	0.05	False	 
1431150959.462542	Sat May  9 08:55:59 2015	596916507101122561	"As Ebola Leaves Liberia, Measles Make A Forceful Comeback \u2013 NPR\u00a0(blog) http:\/\/t.co\/X9bA29NXHT"	en	0.0	False	 
1431150962.75074	Sat May  9 08:56:02 2015	596916523635056640	"RT @UNICEF: Women across SL mobilize to drive the final push to zero #Ebola cases. http:\/\/t.co\/hPpzoKTda2   via @UNICEFSL http:\/\/t.co\/dttmk\u2026"	en	0.0	True	@UNICEF
1431150963.050753	Sat May  9 08:56:03 2015	596916525061115904	"Can the Ebola Outbreak Strengthen Global Health Security? \u2013\u00a0Medscape http:\/\/t.co\/NzP04u6Xvx"	en	0.0	False	 
1431150965.590924	Sat May  9 08:56:05 2015	596916536285233152	"RT @SkyNews: Liberia Declared Free Of Deadly Ebola Virus http:\/\/t.co\/mc9v6SKcJb"	en	0.1	True	@SkyNews
1431150971.71538	Sat May  9 08:56:11 2015	596916562495287296	"Ebola found in American doctor\u2019s eye \u2013\u00a0http:\/\/t.co\/Jotqg2iBLu http:\/\/t.co\/N4GG3jQ1U6"	en	0.0	False	 
1431150972.063373	Sat May  9 08:56:12 2015	596916563933954048	"RT @WoWFunniest: *Ebola joke*\neveryone laughs \n\n*AIDS joke*\neveryone laughs\n\n*Cancer joke*\nwtf is wrong with you? people die of Cancer!\n\n-o\u2026"	en	-0.5	True	@WoWFunniest
1431150975.36359	Sat May  9 08:56:15 2015	596916577796169728	"As Ebola Leaves Liberia, Measles Make A Forceful\u00a0Comeback http:\/\/t.co\/9t8QgU059c"	en	0.0	False	 
1431150976.159645	Sat May  9 08:56:16 2015	596916580845420544	"RT @WoWFunniest: *Ebola joke*\neveryone laughs \n\n*AIDS joke*\neveryone laughs\n\n*Cancer joke*\nwtf is wrong with you? people die of Cancer!\n\n-o\u2026"	en	-0.5	True	@WoWFunniest
1431150981.703082	Sat May  9 08:56:21 2015	596916601703632896	"Why this Seattle cancer biotech is pouring resources \u2013 and $3M \u2013 into Ebola \u2026 \u2013 Puget Sound Business Journal\u2026 http:\/\/t.co\/sGkEsp12w1"	en	0.4	False	 
1431150982.395072	Sat May  9 08:56:22 2015	596916606850183168	"RT @nytimes: A doctor was told he had been cured of Ebola. But the virus was lurking in his eye http:\/\/t.co\/gjRQV9oaid http:\/\/t.co\/QycvZ3ym\u2026"	en	0.0	True	@nytimes
1431151006.165869	Sat May  9 08:56:46 2015	596916707211489280	"Essa not\u00edcia do cara com v\u00edrus do ebola no olho j\u00e1 apareceu umas 20 vezes hoje na TL, pqp"	en	0.0	False	 
1431151010.998823	Sat May  9 08:56:50 2015	596916726140276736	"RT @cnni: An American doctor declared free of #Ebola makes an alarming discovery: http:\/\/t.co\/Wn6zK70cow http:\/\/t.co\/GzF6wBlZD1"	en	0.10000000000000002	True	@cnni
1431151022.837227	Sat May  9 08:57:02 2015	596916776358715392	"RT @MeReIatable: *Ebola joke*\neveryone laughs \n\n*AIDS joke*\neveryone laughs\n\n*Cancer joke*\nwtf is wrong with you? people die of Cancer!\n\n-o\u2026"	en	-0.5	True	@MeReIatable
1431151026.985911	Sat May  9 08:57:06 2015	596916794247483392	"RT @DoctorYasmin: It's official. Liberia declared free of Ebola."	en	0.4	True	@DoctorYasmin
1431151029.664063	Sat May  9 08:57:09 2015	596916805609754624	"WHO: Interim advice on sexual transmission of Ebola virus disease http:\/\/t.co\/elIoSovnyg"	en	0.5	False	 
1431151032.303763	Sat May  9 08:57:12 2015	596916816842235904	"RT @newvisionwire: Ebola virus found in man's eye http:\/\/t.co\/11N7Z4Fxm5"	en	0.0	True	@newvisionwire
1431151042.945442	Sat May  9 08:57:22 2015	596916861045899264	"Ebola detected in eye of US physician months after recovery . Need further evidence and large scale studies. http:\/\/t.co\/tHlKy44hsl"	en	0.10714285714285714	False	 
1431151046.400561	Sat May  9 08:57:26 2015	596916875591688192	"Ebola joke*\neveryone laughs \n\n*AIDS joke*\neveryone laughs\n\n*Cancer joke*\nwtf is wrong with you? people die of Cancer!\n\n-our stupid society"	en	-0.6499999999999999	False	 
1431151052.670316	Sat May  9 08:57:32 2015	596916902204674048	"Ebola patents strange symptom: His eye colour changes  http:\/\/t.co\/h7bsklNlld"	en	-0.05	False	 
1431151054.416499	Sat May  9 08:57:34 2015	596916908433117184	"RT @AC360: An American doctor cured of #Ebola finds the virus lurking in his eye. He sits down w\/ @andersoncooper 8pE. @CNN http:\/\/t.co\/iy8\u2026"	en	-0.07777777777777779	True	@AC360
1431151074.074596	Sat May  9 08:57:54 2015	596916989995687936	"RT @cnnbrk: Doctors stunned after Ebola found in eye of U.S. physician who had been declared free of the virus. http:\/\/t.co\/wZnZDo2ThN"	en	0.4	True	@cnnbrk
1431151074.731602	Sat May  9 08:57:54 2015	596916992944283648	"RT @BBCAfrica: Now that #Ebola scare has died down, Bushmeat sales are returning to #Nigeria's roads http:\/\/t.co\/OzetwAESYe http:\/\/t.co\/FT1\u2026"	en	-0.15555555555555559	True	@BBCAfrica
1431151076.847742	Sat May  9 08:57:56 2015	596917002687610880	"RT @SkyNews: Liberia Declared Free Of Deadly Ebola Virus http:\/\/t.co\/mc9v6SKcJb"	en	0.1	True	@SkyNews
1431151090.887834	Sat May  9 08:58:10 2015	596917061877567488	"Ebola found in the eye of a physician thought to have been cured of the disease. More on @cnnbrk @CNN ... #socrazy"	en	0.5	False	 
1431151092.927987	Sat May  9 08:58:12 2015	596917067212845056	"Doctor 'cured' of Ebola months ago found the virus lurking in his eye, which turned from blue to g..: http:\/\/t.co\/dlJhwxtDUv"	en	0.0	False	 
1431151123.661247	Sat May  9 08:58:43 2015	596917199668838400	"Ebola Virus Lingers in Patient's Eyeball Even After Recovery, Study Says - ABC News http:\/\/t.co\/Amx5IGVP24 via @ABC"	en	0.0	False	 
1431151134.161286	Sat May  9 08:58:54 2015	596917242689884160	"Zimbabwean prostitutes charge \u2018Ebola risk fee\u2019 to foreign s\u00e9x buyers...PHOTOS.... &gt;&gt;&gt; http:\/\/t.co\/MQwdRBorEk"	en	-0.125	False	 
1431151143.095052	Sat May  9 08:59:03 2015	596917280144953344	"RT @DNews: Ebola in Man's Eye Turns It From Blue to Green http:\/\/t.co\/3QCteTqbe5 http:\/\/t.co\/LayZBdvg7j"	en	-0.1	True	@DNews
1431151147.177921	Sat May  9 08:59:07 2015	596917293751361536	"STORY HIGHLIGHTS\n\n1. Education in Sierra Leone, Liberia, and Guinea was hit hard by the Ebola outbreak; at the... http:\/\/t.co\/m5Io0mWJcf"	en	-0.2916666666666667	False	 
1431151148.906706	Sat May  9 08:59:08 2015	596917305197592576	"RT @chidinmajenny1: A Man spreads Ebola via sex 5 months after cured: Health officials now think Ebola survivors can spread the di... http:\u2026"	en	0.0	True	@chidinmajenny1
1431151151.345246	Sat May  9 08:59:11 2015	596917314370437120	"RT @Telegraph: Ebola lives on in survivor's eye http:\/\/t.co\/DgkCsOP2Lu"	en	0.0	True	@Telegraph
1431151152.799877	Sat May  9 08:59:12 2015	596917318476763136	"Zimbabwean prostitutes charge \u2018Ebola risk fee\u2019 to foreign s\u00e9x buyers...PHOTOS.... &gt;&gt;&gt; http:\/\/t.co\/T9GVbbQ2SU"	en	-0.125	False	 
1431151153.409271	Sat May  9 08:59:13 2015	596917322595467264	"RT @cnni: An American doctor declared free of #Ebola makes an alarming discovery: http:\/\/t.co\/Wn6zK70cow http:\/\/t.co\/GzF6wBlZD1"	en-gb	0.10000000000000002	True	@cnni
1431151154.722334	Sat May  9 08:59:14 2015	596917330271154176	"Zimbabwean prostitutes charge \u2018Ebola risk fee\u2019 to foreign s\u00e9x buyers...PHOTOS.... &gt;&gt;&gt; http:\/\/t.co\/enGd5CD4vl"	en	-0.125	False	 
1431151165.718819	Sat May  9 08:59:25 2015	596917374231531521	"RT @nytimes: Liberia was ravaged by Ebola. On Saturday, it is expected to be declared free of the disease http:\/\/t.co\/XnTcucqJW7 http:\/\/t.c\u2026"	en	0.15000000000000002	True	@nytimes
1431151165.896356	Sat May  9 08:59:25 2015	596917373883392000	"RT @cnni: An American doctor declared free of #Ebola makes an alarming discovery: http:\/\/t.co\/Wn6zK70cow http:\/\/t.co\/GzF6wBlZD1"	en	0.10000000000000002	True	@cnni
1431151171.809777	Sat May  9 08:59:31 2015	596917401146372096	"Liberia na ruim een jaar ebolavrij: Er heerst geen ebola meer in Liberia. Meer dan een jaar lang hield de ziek... http:\/\/t.co\/JfJx96iDId"	en	0.0	False	 
1431151174.525735	Sat May  9 08:59:34 2015	596917413007872000	"Liberia na ruim een jaar ebolavrij: Er heerst geen ebola meer in Liberia. Meer dan een jaar lang hield de ziek... http:\/\/t.co\/vJWMTPd3Ye"	en	0.0	False	 
1431151174.971844	Sat May  9 08:59:34 2015	596917415012802560	"#health American doctor declared free of Ebola finds the virus in his eye months later \u2013 CNN http:\/\/t.co\/QT7Z0KQl2F #care #virusnext"	en	0.13333333333333333	False	 
1431151177.269327	Sat May  9 08:59:37 2015	596917423325913090	"#health American doctor declared free of Ebola finds the virus in his eye months later \u2013 CNN http:\/\/t.co\/EUADbeFuCW #care #virusnext"	en	0.13333333333333333	False	 
1431151177.730317	Sat May  9 08:59:37 2015	596917426412920832	"#health American doctor declared free of Ebola finds the virus in his eye months later \u2013 CNN http:\/\/t.co\/u3TmP11yDD #care #virusnext"	en	0.13333333333333333	False	 
1431151179.181794	Sat May  9 08:59:39 2015	596917430066216960	"RT @JornalOGlobo: V\u00edrus do ebola reaparece no olho e muda a cor da \u00edris de m\u00e9dico americano curado. http:\/\/t.co\/VZBVEsRyBL http:\/\/t.co\/vX4S\u2026"	en	0.0	True	@JornalOGlobo
1431151184.471359	Sat May  9 08:59:44 2015	596917454506467328	"RT @JWINNOVATION: Ebola patents strange symptom: His eye colour changes  http:\/\/t.co\/h7bsklNlld"	en	-0.05	True	@JWINNOVATION
1431151185.730766	Sat May  9 08:59:45 2015	596917459468161024	"RT @WoWFunniest: *Ebola joke*\neveryone laughs \n\n*AIDS joke*\neveryone laughs\n\n*Cancer joke*\nwtf is wrong with you? people die of Cancer!\n\n-o\u2026"	en	-0.5	True	@WoWFunniest
1431151199.113275	Sat May  9 08:59:59 2015	596917515432824833	"Remember when the world was freaking out about ebola"	en	0.0	False	 
1431151208.288397	Sat May  9 09:00:08 2015	596917554079203328	"Ebola patient's strange symptom: His eye color changes http:\/\/t.co\/SPNhpP6fgP #Tech (via @TechQ_tl)"	en	-0.05	False	 
1431151210.157147	Sat May  9 09:00:10 2015	596917559607177217	"#TopStories #virus Ebola in Man's Eye Turns It From Blue to Green http:\/\/t.co\/urQuHxRRKx #Share #MikeWorld"	en	-0.1	False	 
1431151214.632012	Sat May  9 09:00:14 2015	596917580855693312	"RT @cnni: An American doctor declared free of #Ebola makes an alarming discovery: http:\/\/t.co\/Wn6zK70cow http:\/\/t.co\/GzF6wBlZD1"	en	0.10000000000000002	True	@cnni
1431151217.656586	Sat May  9 09:00:17 2015	596917593857855488	"RT @WoWFunniest: *Ebola joke*\neveryone laughs \n\n*AIDS joke*\neveryone laughs\n\n*Cancer joke*\nwtf is wrong with you? people die of Cancer!\n\n-o\u2026"	en	-0.5	True	@WoWFunniest
1431151226.069258	Sat May  9 09:00:26 2015	596917628893011968	"RT @nytimesworld: The @WHO could declare Liberia free of Ebola tomorrow http:\/\/t.co\/mYTMkRPbFe http:\/\/t.co\/Yj5Df9gtWo"	en	0.4	True	@nytimesworld
1431151233.205162	Sat May  9 09:00:33 2015	596917658794131456	"*Ebola joke*\neveryone laughs \n\n*AIDS joke*\neveryone laughs\n\n*Cancer joke*\nwtf is wrong with you? people die of Cancer!\n\n-our stupid society"	en-gb	-0.6499999999999999	False	 
1431151237.598732	Sat May  9 09:00:37 2015	596917677555331072	"http:\/\/t.co\/i9LrEu35Dg learn latest about Ebola, as of May 08, 2015 at 11:00PM. Stay healthy. #Ebola"	en	0.5	False	 
1431151250.947208	Sat May  9 09:00:50 2015	596917733771587584	"RT @EbolaRR: WHO: Interim advice on sexual transmission of Ebola virus disease http:\/\/t.co\/elIoSovnyg"	en	0.5	True	@EbolaRR
1431151258.142372	Sat May  9 09:00:58 2015	596917761139462144	"@hernameisali when I was in high school (80's) \"trendy\" was equal to catching Ebola."	en	0.25333333333333335	False	 
1431151282.949546	Sat May  9 09:01:22 2015	596917867498569729	"RT @SourceDeSavoir: Ebola peut \u00eatre trait\u00e9 par l'injection du sang d'une personne qui a surv\u00e9cu \u00e0 la maladie."	en	0.0	True	@SourceDeSavoir
1431151283.609317	Sat May  9 09:01:23 2015	596917869230718976	"Ebola Lurked in Patient's Eye, Turning It From Blue to Green #nature_science http:\/\/t.co\/2qC3DRYf6H http:\/\/t.co\/lEdwSDH1xx"	en	-0.1	False	 
1431151288.683542	Sat May  9 09:01:28 2015	596917891846516736	"RT @EbolaAlert: Liberia completes phase two of ebola virus trial vaccines - Front Page Africa http:\/\/t.co\/v4mU3avPdY"	en	0.0	True	@EbolaAlert
1431151290.927877	Sat May  9 09:01:30 2015	596917900608405504	"Ebola-free"	en	0.0	False	 
1431151291.329638	Sat May  9 09:01:31 2015	596917902013378561	"#Ebola virus lives on in the eye  http:\/\/t.co\/kgHXncS9s1"	en	0.0	False	 
1431151301.304828	Sat May  9 09:01:41 2015	596917943637712896	"Liberia Declared Ebola Free http:\/\/t.co\/DLmtiLWqJl"	en	0.4	False	 
1431151304.879905	Sat May  9 09:01:44 2015	596917959400005632	"RT @SourceDeSavoir: Ebola peut \u00eatre trait\u00e9 par l'injection du sang d'une personne qui a surv\u00e9cu \u00e0 la maladie."	en	0.0	True	@SourceDeSavoir
1431151307.623774	Sat May  9 09:01:47 2015	596917970929995776	"RT @nytimes: A doctor was told he had been cured of Ebola. But the virus was lurking in his eye http:\/\/t.co\/gjRQV9oaid http:\/\/t.co\/QycvZ3ym\u2026"	en	0.0	True	@nytimes
1431151309.638178	Sat May  9 09:01:49 2015	596917977926094849	"RT @WoWFunniest: *Ebola joke*\neveryone laughs \n\n*AIDS joke*\neveryone laughs\n\n*Cancer joke*\nwtf is wrong with you? people die of Cancer!\n\n-o\u2026"	en	-0.5	True	@WoWFunniest
1431151317.631128	Sat May  9 09:01:57 2015	596918012948647937	"RT @DoctorYasmin: It's official. Liberia declared free of Ebola."	en	0.4	True	@DoctorYasmin
1431151322.128979	Sat May  9 09:02:02 2015	596918031508443136	"http:\/\/t.co\/VxxrAJYCrG Ebola-Komplikation: Das ging ins Auge - Samstag, 09 Mai http:\/\/t.co\/FHMl1Kk0nx"	en	0.0	False	 
